constituency_id,start_date,end_date,mandates_total
0259c4e5-f8dc-555a-a982-bc145e6182ca,1998-09-15,2002-09-29,9
0259c4e5-f8dc-555a-a982-bc145e6182ca,2002-09-30,2014-09-29,10
0259c4e5-f8dc-555a-a982-bc145e6182ca,2014-09-29,2022-09-26,11
0259c4e5-f8dc-555a-a982-bc145e6182ca,2022-09-26,2026-06-30,10
03c44b66-74b5-5b6f-a92f-365fcb5806de,1998-09-15,2022-09-26,13
03c44b66-74b5-5b6f-a92f-365fcb5806de,2022-09-26,2026-06-30,14
0513f834-f476-5c55-878b-e62d2d14087d,1971-01-11,1973-12-15,12
0513f834-f476-5c55-878b-e62d2d14087d,1974-01-10,1982-06-12,13
0513f834-f476-5c55-878b-e62d2d14087d,1982-10-04,1994-06-21,12
0513f834-f476-5c55-878b-e62d2d14087d,1994-10-03,1998-09-14,13
0513f834-f476-5c55-878b-e62d2d14087d,1998-09-15,2006-09-30,11
0513f834-f476-5c55-878b-e62d2d14087d,2006-10-02,2010-10-04,13
0513f834-f476-5c55-878b-e62d2d14087d,2010-10-04,2018-09-24,11
0513f834-f476-5c55-878b-e62d2d14087d,2018-09-24,2022-09-26,10
0513f834-f476-5c55-878b-e62d2d14087d,2022-09-26,2026-06-30,11
060a7a45-fe70-554c-8395-60d9d522d523,1935-01-10,1968-12-31,5
060a7a45-fe70-554c-8395-60d9d522d523,1969-01-01,1970-12-31,6
0af335ba-25f1-581d-858f-437ea3adecea,1971-01-11,1973-12-15,8
0af335ba-25f1-581d-858f-437ea3adecea,1974-01-10,1976-06-04,9
0af335ba-25f1-581d-858f-437ea3adecea,1976-10-04,1982-06-12,10
0af335ba-25f1-581d-858f-437ea3adecea,1982-10-04,1988-06-10,11
0af335ba-25f1-581d-858f-437ea3adecea,1988-10-03,1991-06-20,12
0af335ba-25f1-581d-858f-437ea3adecea,1991-09-30,1994-06-21,11
0af335ba-25f1-581d-858f-437ea3adecea,1994-10-03,2010-10-04,12
0af335ba-25f1-581d-858f-437ea3adecea,2010-10-04,2014-09-29,13
0af335ba-25f1-581d-858f-437ea3adecea,2014-09-29,2018-09-24,12
0af335ba-25f1-581d-858f-437ea3adecea,2018-09-24,2026-06-30,13
136bd5a8-3576-5b75-bc02-5e42ba984200,1971-01-11,1973-12-15,13
136bd5a8-3576-5b75-bc02-5e42ba984200,1974-01-10,1976-06-04,12
136bd5a8-3576-5b75-bc02-5e42ba984200,1976-10-04,1979-06-09,13
136bd5a8-3576-5b75-bc02-5e42ba984200,1979-10-01,1982-06-12,12
136bd5a8-3576-5b75-bc02-5e42ba984200,1982-10-04,1985-06-11,13
136bd5a8-3576-5b75-bc02-5e42ba984200,1985-09-30,1988-06-10,11
136bd5a8-3576-5b75-bc02-5e42ba984200,1988-10-03,1998-09-14,12
136bd5a8-3576-5b75-bc02-5e42ba984200,1998-09-15,2006-09-30,10
136bd5a8-3576-5b75-bc02-5e42ba984200,2006-10-02,2010-10-04,11
136bd5a8-3576-5b75-bc02-5e42ba984200,2010-10-04,2014-09-29,9
136bd5a8-3576-5b75-bc02-5e42ba984200,2014-09-29,2018-09-24,10
136bd5a8-3576-5b75-bc02-5e42ba984200,2018-09-24,2022-09-26,8
136bd5a8-3576-5b75-bc02-5e42ba984200,2022-09-26,2026-06-30,9
1a7d6b60-4c46-50ef-97fa-502f0b3ced2c,1935-01-10,1948-12-31,9
1a7d6b60-4c46-50ef-97fa-502f0b3ced2c,1949-01-01,1968-12-31,8
1a7d6b60-4c46-50ef-97fa-502f0b3ced2c,1969-01-01,1970-12-31,7
1aed974b-1504-5223-9940-b9a0d45845cd,1998-09-15,2002-09-29,12
1aed974b-1504-5223-9940-b9a0d45845cd,2002-09-30,2003-09-15,9
1aed974b-1504-5223-9940-b9a0d45845cd,2003-09-16,2006-09-30,10
1aed974b-1504-5223-9940-b9a0d45845cd,2006-10-02,2010-10-04,11
1aed974b-1504-5223-9940-b9a0d45845cd,2010-10-04,2014-09-29,12
1aed974b-1504-5223-9940-b9a0d45845cd,2014-09-29,2018-09-24,13
1aed974b-1504-5223-9940-b9a0d45845cd,2018-09-24,2022-09-26,10
1aed974b-1504-5223-9940-b9a0d45845cd,2022-09-26,2026-06-30,8
1b9b3b5b-7c11-5f64-978c-e1d1b2002a5c,1935-01-10,1940-12-31,8
1b9b3b5b-7c11-5f64-978c-e1d1b2002a5c,1941-01-01,1968-12-31,7
23ff6cf2-07be-5de2-b01f-a4aa39503e46,1971-01-11,1982-06-12,9
23ff6cf2-07be-5de2-b01f-a4aa39503e46,1982-10-04,1994-06-21,10
23ff6cf2-07be-5de2-b01f-a4aa39503e46,1994-10-03,1998-09-14,12
28620dd2-366d-501c-94a8-a4bec03c7e6d,1935-01-10,1948-12-31,10
28620dd2-366d-501c-94a8-a4bec03c7e6d,1949-01-01,1968-12-31,9
28620dd2-366d-501c-94a8-a4bec03c7e6d,1969-01-01,1970-12-31,8
29c5f935-4b82-58f0-84b9-38fddeb478af,1935-01-10,1940-12-31,9
29c5f935-4b82-58f0-84b9-38fddeb478af,1941-01-01,1956-12-31,8
29c5f935-4b82-58f0-84b9-38fddeb478af,1957-01-01,1970-12-31,7
2ccd1e63-c4b8-53cc-8ef3-e9e95931d8f5,1935-01-10,1952-12-31,8
2ccd1e63-c4b8-53cc-8ef3-e9e95931d8f5,1953-01-01,1970-12-31,7
2e90b3ff-5244-5c1b-a4d6-62773e5bd1d7,1935-01-10,1951-12-31,7
2e90b3ff-5244-5c1b-a4d6-62773e5bd1d7,1952-01-01,1970-12-31,6
32a49115-dad0-5644-afea-6515d72a2fa2,1935-01-10,1940-12-31,9
32a49115-dad0-5644-afea-6515d72a2fa2,1941-01-01,1948-12-31,10
32a49115-dad0-5644-afea-6515d72a2fa2,1949-01-01,1952-12-31,11
32a49115-dad0-5644-afea-6515d72a2fa2,1953-01-01,1968-12-31,12
32a49115-dad0-5644-afea-6515d72a2fa2,1969-01-01,1970-12-31,13
335f9c5a-a060-59bd-8e10-95c79ced3c98,1971-01-11,1973-12-15,11
335f9c5a-a060-59bd-8e10-95c79ced3c98,1974-01-10,1976-06-04,12
335f9c5a-a060-59bd-8e10-95c79ced3c98,1976-10-04,1979-06-09,9
335f9c5a-a060-59bd-8e10-95c79ced3c98,1979-10-01,1988-06-10,11
335f9c5a-a060-59bd-8e10-95c79ced3c98,1988-10-03,1991-06-20,10
335f9c5a-a060-59bd-8e10-95c79ced3c98,1991-09-30,1998-09-14,11
335f9c5a-a060-59bd-8e10-95c79ced3c98,1998-09-15,2006-09-30,10
335f9c5a-a060-59bd-8e10-95c79ced3c98,2006-10-02,2010-10-04,9
335f9c5a-a060-59bd-8e10-95c79ced3c98,2010-10-04,2014-09-29,11
335f9c5a-a060-59bd-8e10-95c79ced3c98,2014-09-29,2018-09-24,10
335f9c5a-a060-59bd-8e10-95c79ced3c98,2018-09-24,2022-09-26,9
335f9c5a-a060-59bd-8e10-95c79ced3c98,2022-09-26,2026-06-30,8
352b9fa6-6250-564e-9522-46f6a36097fe,1971-01-11,1973-12-15,6
352b9fa6-6250-564e-9522-46f6a36097fe,1974-01-10,1979-06-09,7
352b9fa6-6250-564e-9522-46f6a36097fe,1979-10-01,2006-09-30,6
352b9fa6-6250-564e-9522-46f6a36097fe,2006-10-02,2010-10-04,5
352b9fa6-6250-564e-9522-46f6a36097fe,2010-10-04,2014-09-29,6
352b9fa6-6250-564e-9522-46f6a36097fe,2014-09-29,2026-06-30,5
39f50a3e-9748-5cbb-899c-fce5af24b249,1935-01-10,1941-12-31,8
39f50a3e-9748-5cbb-899c-fce5af24b249,1942-01-01,1970-12-31,7
3b8cf955-bf93-520c-a3fe-c4a47a38a4bb,1971-01-11,1982-06-12,13
3b8cf955-bf93-520c-a3fe-c4a47a38a4bb,1982-10-04,1985-06-11,12
3b8cf955-bf93-520c-a3fe-c4a47a38a4bb,1985-09-30,1988-06-10,13
3b8cf955-bf93-520c-a3fe-c4a47a38a4bb,1988-10-03,1991-06-20,11
3b8cf955-bf93-520c-a3fe-c4a47a38a4bb,1991-09-30,1994-06-21,12
3b8cf955-bf93-520c-a3fe-c4a47a38a4bb,1994-10-03,1998-09-14,14
3b8cf955-bf93-520c-a3fe-c4a47a38a4bb,1998-09-15,2002-09-29,13
3b8cf955-bf93-520c-a3fe-c4a47a38a4bb,2002-09-30,2003-09-15,14
3b8cf955-bf93-520c-a3fe-c4a47a38a4bb,2003-09-16,2026-06-30,13
3dcfde6e-898d-5524-ad57-3dd1df3ddd34,1935-01-10,1941-12-31,12
3dcfde6e-898d-5524-ad57-3dd1df3ddd34,1942-01-01,1951-12-31,14
3dcfde6e-898d-5524-ad57-3dd1df3ddd34,1952-01-01,1956-12-31,15
3dcfde6e-898d-5524-ad57-3dd1df3ddd34,1957-01-01,1970-12-31,16
3ed93b54-6eb2-5b8d-865d-7587a0486881,1998-09-15,2002-09-29,10
3ed93b54-6eb2-5b8d-865d-7587a0486881,2002-09-30,2006-09-30,9
3ed93b54-6eb2-5b8d-865d-7587a0486881,2006-10-02,2010-10-04,11
3ed93b54-6eb2-5b8d-865d-7587a0486881,2010-10-04,2022-09-26,10
3ed93b54-6eb2-5b8d-865d-7587a0486881,2022-09-26,2026-06-30,9
3ffdbc9c-5dee-555c-98e7-92f3c88684af,1935-01-10,1951-12-31,6
3ffdbc9c-5dee-555c-98e7-92f3c88684af,1952-01-01,1970-12-31,5
40f4f3db-cc8b-56b3-9b72-ec5a1a7070f7,1935-01-10,1940-12-31,6
40f4f3db-cc8b-56b3-9b72-ec5a1a7070f7,1941-01-01,1970-12-31,5
43274040-7203-53fb-845b-2b1afddb308c,1935-01-10,1970-12-31,5
46761fb0-8ace-53c0-8fbd-0a16c7fdc91d,1935-01-10,1970-12-31,3
483bb97a-ce72-54f6-a4c4-49b240eb5341,1935-01-10,1941-12-31,7
483bb97a-ce72-54f6-a4c4-49b240eb5341,1942-01-01,1970-12-31,6
52d3be74-04c2-5ef4-ac33-10731fc6f074,1935-01-10,1963-12-31,9
52d3be74-04c2-5ef4-ac33-10731fc6f074,1964-01-01,1970-12-31,8
592c89e6-ed06-5678-85d5-3a81f32dd83f,1971-01-11,2026-06-30,2
5a911a22-b39d-5103-bb54-ad725a2f95c8,1935-01-10,1970-12-31,7
5b619cc8-3825-577f-97f2-791ed8cbbf05,1935-01-10,1952-12-31,9
5b619cc8-3825-577f-97f2-791ed8cbbf05,1953-01-01,1970-12-31,8
632495bb-e961-5581-9345-278a353d0405,1935-01-10,1970-12-31,6
66149692-b5cc-50f8-a778-2131f28fe57d,1971-01-11,1976-06-04,20
66149692-b5cc-50f8-a778-2131f28fe57d,1976-10-04,1982-06-12,19
66149692-b5cc-50f8-a778-2131f28fe57d,1982-10-04,1988-06-10,18
66149692-b5cc-50f8-a778-2131f28fe57d,1988-10-03,1991-06-20,19
66149692-b5cc-50f8-a778-2131f28fe57d,1991-09-30,2002-09-29,17
66149692-b5cc-50f8-a778-2131f28fe57d,2002-09-30,2014-09-29,18
66149692-b5cc-50f8-a778-2131f28fe57d,2014-09-29,2018-09-24,17
66149692-b5cc-50f8-a778-2131f28fe57d,2018-09-24,2022-09-26,19
66149692-b5cc-50f8-a778-2131f28fe57d,2022-09-26,2026-06-30,18
6618cb64-f32d-5806-a07f-3b914964eb26,1935-01-10,1964-12-31,12
6618cb64-f32d-5806-a07f-3b914964eb26,1965-01-01,1970-12-31,13
66c4e12f-d764-5309-805a-f277d91aeb7a,1935-01-10,1970-12-31,5
6a5c15bf-688e-5a49-a539-c0eab6478b72,1971-01-11,1976-06-04,8
6a5c15bf-688e-5a49-a539-c0eab6478b72,1976-10-04,1979-06-09,9
6a5c15bf-688e-5a49-a539-c0eab6478b72,1979-10-01,1988-06-10,10
6a5c15bf-688e-5a49-a539-c0eab6478b72,1988-10-03,1991-06-20,11
6a5c15bf-688e-5a49-a539-c0eab6478b72,1991-09-30,1994-06-21,10
6a5c15bf-688e-5a49-a539-c0eab6478b72,1994-10-03,1998-09-14,9
6a5c15bf-688e-5a49-a539-c0eab6478b72,1998-09-15,2002-09-29,12
6a5c15bf-688e-5a49-a539-c0eab6478b72,2002-09-30,2006-09-30,11
6a5c15bf-688e-5a49-a539-c0eab6478b72,2006-10-02,2010-10-04,10
6a5c15bf-688e-5a49-a539-c0eab6478b72,2010-10-04,2018-09-24,12
6a5c15bf-688e-5a49-a539-c0eab6478b72,2018-09-24,2022-09-26,13
6a5c15bf-688e-5a49-a539-c0eab6478b72,2022-09-26,2026-06-30,12
7113b2cc-9972-5065-b2dd-77a7e868113a,1971-01-11,1973-12-15,12
7113b2cc-9972-5065-b2dd-77a7e868113a,1974-01-10,1976-06-04,11
7113b2cc-9972-5065-b2dd-77a7e868113a,1976-10-04,1979-06-09,12
7113b2cc-9972-5065-b2dd-77a7e868113a,1979-10-01,1982-06-12,11
7113b2cc-9972-5065-b2dd-77a7e868113a,1982-10-04,1985-06-11,10
7113b2cc-9972-5065-b2dd-77a7e868113a,1985-09-30,1991-06-20,11
7113b2cc-9972-5065-b2dd-77a7e868113a,1991-09-30,1994-06-21,10
7113b2cc-9972-5065-b2dd-77a7e868113a,1994-10-03,1998-09-14,11
7113b2cc-9972-5065-b2dd-77a7e868113a,1998-09-15,2002-09-29,9
7113b2cc-9972-5065-b2dd-77a7e868113a,2002-09-30,2006-09-30,11
7113b2cc-9972-5065-b2dd-77a7e868113a,2006-10-02,2014-09-29,9
7113b2cc-9972-5065-b2dd-77a7e868113a,2014-09-29,2026-06-30,8
71e15575-7c78-51b0-9d82-5d2a233e8e87,1935-01-10,1956-12-31,10
71e15575-7c78-51b0-9d82-5d2a233e8e87,1957-01-01,1964-12-31,9
71e15575-7c78-51b0-9d82-5d2a233e8e87,1965-01-01,1970-12-31,8
72b06389-e8cc-5a7f-97bd-b697e29d92e9,1971-01-11,1973-12-15,10
72b06389-e8cc-5a7f-97bd-b697e29d92e9,1974-01-10,1985-06-11,11
72b06389-e8cc-5a7f-97bd-b697e29d92e9,1985-09-30,1994-06-21,12
72b06389-e8cc-5a7f-97bd-b697e29d92e9,1994-10-03,1998-09-14,13
75402d16-31ae-5692-a5a7-1008706a092a,1971-01-11,1973-12-15,28
75402d16-31ae-5692-a5a7-1008706a092a,1974-01-10,1976-06-04,32
75402d16-31ae-5692-a5a7-1008706a092a,1976-10-04,1982-06-12,33
75402d16-31ae-5692-a5a7-1008706a092a,1982-10-04,1985-06-11,34
75402d16-31ae-5692-a5a7-1008706a092a,1985-09-30,1988-06-10,36
75402d16-31ae-5692-a5a7-1008706a092a,1988-10-03,1994-06-21,37
75402d16-31ae-5692-a5a7-1008706a092a,1994-10-03,1998-09-14,36
75402d16-31ae-5692-a5a7-1008706a092a,1998-09-15,2002-09-29,38
75402d16-31ae-5692-a5a7-1008706a092a,2002-09-30,2006-09-30,39
75402d16-31ae-5692-a5a7-1008706a092a,2006-10-02,2010-10-04,42
75402d16-31ae-5692-a5a7-1008706a092a,2010-10-04,2014-09-29,38
75402d16-31ae-5692-a5a7-1008706a092a,2014-09-29,2018-09-24,39
75402d16-31ae-5692-a5a7-1008706a092a,2018-09-24,2026-06-30,43
7671d1a1-b494-53ab-9ea8-59b8fbcdffc5,1935-01-10,1970-12-31,6
77564945-b88d-5e96-9332-e474481cfc5c,1971-01-11,1976-06-04,21
77564945-b88d-5e96-9332-e474481cfc5c,1976-10-04,1979-06-09,19
77564945-b88d-5e96-9332-e474481cfc5c,1979-10-01,1982-06-12,21
77564945-b88d-5e96-9332-e474481cfc5c,1982-10-04,1985-06-11,19
77564945-b88d-5e96-9332-e474481cfc5c,1985-09-30,1991-06-20,20
77564945-b88d-5e96-9332-e474481cfc5c,1991-09-30,1994-06-21,19
789d2e28-3b2d-5bc6-9425-4c454f3efeec,1935-01-10,1970-12-31,5
79c143d0-423e-582c-881d-0abf0a4cea5c,1935-01-10,1951-12-31,10
79c143d0-423e-582c-881d-0abf0a4cea5c,1952-01-01,1961-12-31,11
79c143d0-423e-582c-881d-0abf0a4cea5c,1962-01-01,1963-12-31,12
79c143d0-423e-582c-881d-0abf0a4cea5c,1964-01-01,1970-12-31,13
7b5afbfc-aed1-5edb-913c-f89ce67b95a5,1935-01-10,1968-12-31,9
7b5afbfc-aed1-5edb-913c-f89ce67b95a5,1969-01-01,1970-12-31,8
850638eb-f41d-5b5e-91bc-07a7ef818918,1935-01-10,1936-06-27,7
850638eb-f41d-5b5e-91bc-07a7ef818918,1937-01-11,1970-12-31,8
88073719-4eb3-5370-acd3-f061ef80e1f6,1971-01-11,2002-09-29,5
88073719-4eb3-5370-acd3-f061ef80e1f6,2002-09-30,2006-09-30,6
88073719-4eb3-5370-acd3-f061ef80e1f6,2006-10-02,2010-10-04,5
88073719-4eb3-5370-acd3-f061ef80e1f6,2010-10-04,2018-09-24,4
88073719-4eb3-5370-acd3-f061ef80e1f6,2018-09-24,2022-09-26,5
88073719-4eb3-5370-acd3-f061ef80e1f6,2022-09-26,2026-06-30,4
88dc2372-1608-57b0-b0e6-1a789be8dec9,1971-01-11,1973-12-15,14
88dc2372-1608-57b0-b0e6-1a789be8dec9,1974-01-10,1982-06-12,12
88dc2372-1608-57b0-b0e6-1a789be8dec9,1982-10-04,1985-06-11,13
88dc2372-1608-57b0-b0e6-1a789be8dec9,1985-09-30,1994-06-21,12
88dc2372-1608-57b0-b0e6-1a789be8dec9,1994-10-03,1998-09-14,11
88dc2372-1608-57b0-b0e6-1a789be8dec9,1998-09-15,2002-09-29,12
88dc2372-1608-57b0-b0e6-1a789be8dec9,2002-09-30,2010-10-04,11
88dc2372-1608-57b0-b0e6-1a789be8dec9,2010-10-04,2014-09-29,12
88dc2372-1608-57b0-b0e6-1a789be8dec9,2014-09-29,2026-06-30,11
899d0c00-1af8-56c6-bd46-79a83dfcf8c1,1935-01-10,1952-12-31,6
899d0c00-1af8-56c6-bd46-79a83dfcf8c1,1953-01-01,1970-12-31,7
899ddaec-b4d0-557f-b637-39829a0fe0f1,1935-01-10,1944-12-31,10
899ddaec-b4d0-557f-b637-39829a0fe0f1,1945-01-01,1948-12-31,11
899ddaec-b4d0-557f-b637-39829a0fe0f1,1949-01-01,1956-12-31,12
899ddaec-b4d0-557f-b637-39829a0fe0f1,1957-01-01,1960-12-31,13
899ddaec-b4d0-557f-b637-39829a0fe0f1,1961-01-01,1964-12-31,14
899ddaec-b4d0-557f-b637-39829a0fe0f1,1965-01-01,1968-12-31,16
899ddaec-b4d0-557f-b637-39829a0fe0f1,1969-01-01,1970-12-31,19
8d210c34-becf-5dbd-b1fe-15d608635374,1994-10-03,1998-09-14,10
90a5c436-9d88-53bb-b9e9-7314a438703f,1994-10-03,1998-09-14,8
90a5c436-9d88-53bb-b9e9-7314a438703f,1998-09-15,2006-09-30,9
90a5c436-9d88-53bb-b9e9-7314a438703f,2006-10-02,2014-09-29,10
90a5c436-9d88-53bb-b9e9-7314a438703f,2014-09-29,2026-06-30,11
949c1729-b7ab-521d-ad1b-60772ec2276f,1971-01-11,1973-12-15,36
949c1729-b7ab-521d-ad1b-60772ec2276f,1974-01-10,1976-06-04,34
949c1729-b7ab-521d-ad1b-60772ec2276f,1976-10-04,1979-06-09,32
949c1729-b7ab-521d-ad1b-60772ec2276f,1979-10-01,1985-06-11,31
949c1729-b7ab-521d-ad1b-60772ec2276f,1985-09-30,1988-06-10,29
949c1729-b7ab-521d-ad1b-60772ec2276f,1988-10-03,1991-06-20,30
949c1729-b7ab-521d-ad1b-60772ec2276f,1991-09-30,1998-09-14,26
949c1729-b7ab-521d-ad1b-60772ec2276f,1998-09-15,2002-09-29,28
949c1729-b7ab-521d-ad1b-60772ec2276f,2002-09-30,2006-09-30,29
949c1729-b7ab-521d-ad1b-60772ec2276f,2006-10-02,2010-10-04,28
949c1729-b7ab-521d-ad1b-60772ec2276f,2010-10-04,2011-09-13,30
949c1729-b7ab-521d-ad1b-60772ec2276f,2011-09-13,2014-09-29,29
949c1729-b7ab-521d-ad1b-60772ec2276f,2014-09-29,2022-09-26,32
949c1729-b7ab-521d-ad1b-60772ec2276f,2022-09-26,2026-06-30,34
95fb07b4-04ab-5bf8-897a-40679b4451c4,1971-01-11,1988-06-10,7
95fb07b4-04ab-5bf8-897a-40679b4451c4,1988-10-03,1991-06-20,6
95fb07b4-04ab-5bf8-897a-40679b4451c4,1991-09-30,1994-06-21,9
95fb07b4-04ab-5bf8-897a-40679b4451c4,1994-10-03,1998-09-14,6
95fb07b4-04ab-5bf8-897a-40679b4451c4,1998-09-15,2010-10-04,7
95fb07b4-04ab-5bf8-897a-40679b4451c4,2010-10-04,2026-06-30,6
977a727a-b31d-5b48-ac60-f7538811f206,1935-01-10,1970-12-31,10
98941c5a-79d5-5f93-bb5b-00774f03d021,1971-01-11,1982-06-12,13
98941c5a-79d5-5f93-bb5b-00774f03d021,1982-10-04,1985-06-11,12
98941c5a-79d5-5f93-bb5b-00774f03d021,1985-09-30,1988-06-10,13
98941c5a-79d5-5f93-bb5b-00774f03d021,1988-10-03,1991-06-20,12
98941c5a-79d5-5f93-bb5b-00774f03d021,1991-09-30,1994-06-21,13
98941c5a-79d5-5f93-bb5b-00774f03d021,1994-10-03,2002-09-29,12
98941c5a-79d5-5f93-bb5b-00774f03d021,2002-09-30,2010-10-04,11
98941c5a-79d5-5f93-bb5b-00774f03d021,2010-10-04,2014-09-29,12
98941c5a-79d5-5f93-bb5b-00774f03d021,2014-09-29,2018-09-24,11
98941c5a-79d5-5f93-bb5b-00774f03d021,2018-09-24,2022-09-26,9
98941c5a-79d5-5f93-bb5b-00774f03d021,2022-09-26,2026-06-30,11
9921f6f7-beb1-5224-826d-9b6e7c4114ed,1935-01-10,1940-12-31,9
9921f6f7-beb1-5224-826d-9b6e7c4114ed,1941-01-01,1952-12-31,10
9921f6f7-beb1-5224-826d-9b6e7c4114ed,1953-01-01,1964-12-31,11
9921f6f7-beb1-5224-826d-9b6e7c4114ed,1965-01-01,1970-12-31,12
9b204dc5-542a-5e3a-ac60-fe14c1cb46de,1971-01-11,1985-06-11,10
9b204dc5-542a-5e3a-ac60-fe14c1cb46de,1985-09-30,1988-06-10,11
9b204dc5-542a-5e3a-ac60-fe14c1cb46de,1988-10-03,1994-06-21,10
9b204dc5-542a-5e3a-ac60-fe14c1cb46de,1994-10-03,1998-09-14,11
9b204dc5-542a-5e3a-ac60-fe14c1cb46de,1998-09-15,2002-09-29,12
9b204dc5-542a-5e3a-ac60-fe14c1cb46de,2002-09-30,2014-09-29,11
9b204dc5-542a-5e3a-ac60-fe14c1cb46de,2014-09-29,2018-09-24,10
9b204dc5-542a-5e3a-ac60-fe14c1cb46de,2018-09-24,2026-06-30,9
9bef2d8f-9970-5df1-97fa-4941035d4740,1971-01-11,1976-06-04,7
9bef2d8f-9970-5df1-97fa-4941035d4740,1976-10-04,1982-06-12,8
9bef2d8f-9970-5df1-97fa-4941035d4740,1982-10-04,1988-06-10,7
9bef2d8f-9970-5df1-97fa-4941035d4740,1988-10-03,1991-06-20,6
9bef2d8f-9970-5df1-97fa-4941035d4740,1991-09-30,1994-06-21,8
9bef2d8f-9970-5df1-97fa-4941035d4740,1994-10-03,2002-09-29,6
9bef2d8f-9970-5df1-97fa-4941035d4740,2002-09-30,2010-10-04,7
9bef2d8f-9970-5df1-97fa-4941035d4740,2010-10-04,2018-09-24,6
9bef2d8f-9970-5df1-97fa-4941035d4740,2018-09-24,2026-06-30,8
9ccaac05-e6d0-5ae0-af81-84815d9ba0e0,1971-01-11,1973-12-15,11
9ccaac05-e6d0-5ae0-af81-84815d9ba0e0,1974-01-10,1976-06-04,10
9ccaac05-e6d0-5ae0-af81-84815d9ba0e0,1976-10-04,1979-06-09,11
9ccaac05-e6d0-5ae0-af81-84815d9ba0e0,1979-10-01,1982-06-12,10
9ccaac05-e6d0-5ae0-af81-84815d9ba0e0,1982-10-04,1985-06-11,9
9ccaac05-e6d0-5ae0-af81-84815d9ba0e0,1985-09-30,1991-06-20,10
9ccaac05-e6d0-5ae0-af81-84815d9ba0e0,1991-09-30,1998-09-14,11
9ccaac05-e6d0-5ae0-af81-84815d9ba0e0,1998-09-15,2006-09-30,9
9ccaac05-e6d0-5ae0-af81-84815d9ba0e0,2006-10-02,2010-10-04,8
9ccaac05-e6d0-5ae0-af81-84815d9ba0e0,2010-10-04,2014-09-29,9
9ccaac05-e6d0-5ae0-af81-84815d9ba0e0,2014-09-29,2026-06-30,8
ab10f2c3-d083-5c5a-b2ca-4a97f0410be8,1935-01-10,1936-06-27,11
ab10f2c3-d083-5c5a-b2ca-4a97f0410be8,1937-01-11,1944-12-31,10
ab10f2c3-d083-5c5a-b2ca-4a97f0410be8,1945-01-01,1952-12-31,9
ab10f2c3-d083-5c5a-b2ca-4a97f0410be8,1953-01-01,1970-12-31,8
aba3654d-c18d-541b-b3cc-d11c7f96ec6f,1935-01-10,1970-12-31,8
ac735033-812d-52c5-a8ef-5254c0709510,1935-01-10,1970-12-31,5
b3d2ec8f-3f84-5cdd-90b2-eda30fe3e65d,1935-01-10,1944-12-31,6
b3d2ec8f-3f84-5cdd-90b2-eda30fe3e65d,1945-01-01,1970-12-31,5
b4b85329-707b-5b48-8276-04b0980850d3,1998-09-15,2002-09-29,12
b4b85329-707b-5b48-8276-04b0980850d3,2002-09-30,2006-09-30,11
b4b85329-707b-5b48-8276-04b0980850d3,2006-10-02,2010-10-04,10
b4b85329-707b-5b48-8276-04b0980850d3,2010-10-04,2014-09-29,12
b4b85329-707b-5b48-8276-04b0980850d3,2014-09-29,2018-09-24,13
b4b85329-707b-5b48-8276-04b0980850d3,2018-09-24,2022-09-26,11
b4b85329-707b-5b48-8276-04b0980850d3,2022-09-26,2026-06-30,10
b4e172a0-46d7-5354-96b4-2d766739c3d2,1935-01-10,1970-12-31,5
b7bcdd69-c525-5716-a985-a12260f20f70,1935-01-10,1943-12-31,7
b7bcdd69-c525-5716-a985-a12260f20f70,1944-01-01,1970-12-31,6
be377f3a-8cd1-587c-a143-bf5d0cf4b3a0,1935-01-10,1948-12-31,10
be377f3a-8cd1-587c-a143-bf5d0cf4b3a0,1949-01-01,1964-12-31,9
be377f3a-8cd1-587c-a143-bf5d0cf4b3a0,1965-01-01,1970-12-31,8
c1806dd8-c00e-56de-bec3-c28973b02d73,1935-01-10,1961-12-31,8
c1806dd8-c00e-56de-bec3-c28973b02d73,1962-01-01,1970-12-31,7
c29ab651-c882-5372-b400-c1315400b6b3,1935-01-10,1936-06-27,19
c29ab651-c882-5372-b400-c1315400b6b3,1937-01-11,1940-12-31,20
c29ab651-c882-5372-b400-c1315400b6b3,1941-01-01,1944-12-31,21
c29ab651-c882-5372-b400-c1315400b6b3,1945-01-01,1948-12-31,22
c29ab651-c882-5372-b400-c1315400b6b3,1949-01-01,1956-12-31,24
c29ab651-c882-5372-b400-c1315400b6b3,1957-01-01,1964-12-31,25
c29ab651-c882-5372-b400-c1315400b6b3,1965-01-01,1968-12-31,24
c29ab651-c882-5372-b400-c1315400b6b3,1969-01-01,1970-12-31,22
c8cd016a-8b2b-5bc2-8fc9-e8ac0f5ba65a,1994-10-03,1998-09-14,12
c94900a7-e6d3-53ad-8ee2-5badba7c9876,1935-01-10,1970-12-31,6
ce2cfedc-94fe-5e5e-9134-ce27a7ce4f48,1971-01-11,1973-12-15,11
ce2cfedc-94fe-5e5e-9134-ce27a7ce4f48,1974-01-10,1976-06-04,12
ce2cfedc-94fe-5e5e-9134-ce27a7ce4f48,1976-10-04,1982-06-12,11
ce2cfedc-94fe-5e5e-9134-ce27a7ce4f48,1982-10-04,1985-06-11,13
ce2cfedc-94fe-5e5e-9134-ce27a7ce4f48,1985-09-30,1988-06-10,12
ce2cfedc-94fe-5e5e-9134-ce27a7ce4f48,1988-10-03,1994-06-21,13
d14f5900-dbaa-535e-9291-6d184dee2316,1971-01-11,1973-12-15,11
d14f5900-dbaa-535e-9291-6d184dee2316,1974-01-10,1979-06-09,9
d14f5900-dbaa-535e-9291-6d184dee2316,1979-10-01,1985-06-11,11
d14f5900-dbaa-535e-9291-6d184dee2316,1985-09-30,1991-06-20,9
d14f5900-dbaa-535e-9291-6d184dee2316,1991-09-30,1998-09-14,11
d14f5900-dbaa-535e-9291-6d184dee2316,1998-09-15,2002-09-29,10
d14f5900-dbaa-535e-9291-6d184dee2316,2002-09-30,2006-09-30,11
d14f5900-dbaa-535e-9291-6d184dee2316,2006-10-02,2010-10-04,12
d14f5900-dbaa-535e-9291-6d184dee2316,2010-10-04,2018-09-24,11
d14f5900-dbaa-535e-9291-6d184dee2316,2018-09-24,2022-09-26,10
d14f5900-dbaa-535e-9291-6d184dee2316,2022-09-26,2026-06-30,11
d34944b2-a7de-580f-a21e-a5691c785c8b,1971-01-11,1979-06-09,11
d34944b2-a7de-580f-a21e-a5691c785c8b,1979-10-01,1982-06-12,10
d34944b2-a7de-580f-a21e-a5691c785c8b,1982-10-04,1985-06-11,12
d34944b2-a7de-580f-a21e-a5691c785c8b,1985-09-30,1994-06-21,11
d34944b2-a7de-580f-a21e-a5691c785c8b,1994-10-03,1998-09-14,12
d5171f25-e144-57e0-8818-475a87cc5809,1971-01-11,1979-06-09,12
d5171f25-e144-57e0-8818-475a87cc5809,1979-10-01,1985-06-11,11
d5171f25-e144-57e0-8818-475a87cc5809,1985-09-30,1991-06-20,12
d5171f25-e144-57e0-8818-475a87cc5809,1991-09-30,1994-06-21,11
d5171f25-e144-57e0-8818-475a87cc5809,1994-10-03,1998-09-14,12
d534300a-5530-5600-b1af-7b1dd6723046,1935-01-10,1943-12-31,6
d534300a-5530-5600-b1af-7b1dd6723046,1944-01-01,1957-12-31,7
d534300a-5530-5600-b1af-7b1dd6723046,1958-01-01,1970-12-31,8
dec7e907-68a3-5977-b0b2-267422de26fb,1971-01-11,1973-12-15,17
dec7e907-68a3-5977-b0b2-267422de26fb,1974-01-10,1976-06-04,16
dec7e907-68a3-5977-b0b2-267422de26fb,1976-10-04,1979-06-09,18
dec7e907-68a3-5977-b0b2-267422de26fb,1979-10-01,1985-06-11,17
dec7e907-68a3-5977-b0b2-267422de26fb,1985-09-30,1988-06-10,16
dec7e907-68a3-5977-b0b2-267422de26fb,1988-10-03,1991-06-20,17
dec7e907-68a3-5977-b0b2-267422de26fb,1991-09-30,1994-06-21,16
dec7e907-68a3-5977-b0b2-267422de26fb,1994-10-03,1998-09-14,15
dec7e907-68a3-5977-b0b2-267422de26fb,1998-09-15,2006-09-30,17
dec7e907-68a3-5977-b0b2-267422de26fb,2006-10-02,2018-09-24,15
dec7e907-68a3-5977-b0b2-267422de26fb,2018-09-24,2022-09-26,16
dec7e907-68a3-5977-b0b2-267422de26fb,2022-09-26,2026-06-30,17
e1bb0035-d8f1-5350-8aa8-962b52b0553f,1998-09-15,2002-09-29,13
e1bb0035-d8f1-5350-8aa8-962b52b0553f,2002-09-30,2006-09-30,14
e1bb0035-d8f1-5350-8aa8-962b52b0553f,2006-10-02,2010-10-04,13
e1bb0035-d8f1-5350-8aa8-962b52b0553f,2010-10-04,2011-09-13,12
e1bb0035-d8f1-5350-8aa8-962b52b0553f,2011-09-13,2018-09-24,13
e1bb0035-d8f1-5350-8aa8-962b52b0553f,2018-09-24,2026-06-30,14
e6d44948-949c-57bb-a181-ca34ac6ac813,1969-01-01,1970-12-31,7
e81abcf9-5188-5367-ad40-4e793d4f55e3,1971-01-11,1976-06-04,12
e81abcf9-5188-5367-ad40-4e793d4f55e3,1976-10-04,1979-06-09,11
e81abcf9-5188-5367-ad40-4e793d4f55e3,1979-10-01,1988-06-10,12
e81abcf9-5188-5367-ad40-4e793d4f55e3,1988-10-03,1991-06-20,11
e81abcf9-5188-5367-ad40-4e793d4f55e3,1991-09-30,1994-06-21,12
e81abcf9-5188-5367-ad40-4e793d4f55e3,1994-10-03,2002-09-29,13
e81abcf9-5188-5367-ad40-4e793d4f55e3,2002-09-30,2006-09-30,11
e81abcf9-5188-5367-ad40-4e793d4f55e3,2006-10-02,2026-06-30,12
e86227ba-7ea9-5302-81b6-461749b8b4fd,1935-01-10,1970-12-31,9
e8fdd33e-33e7-5173-b67a-6f4fba71e4c2,1935-01-10,1948-12-31,10
e8fdd33e-33e7-5173-b67a-6f4fba71e4c2,1949-01-01,1970-12-31,9
f190408c-0f9c-57ed-8318-9273dced4a38,1935-01-10,1936-06-27,12
f190408c-0f9c-57ed-8318-9273dced4a38,1937-01-11,1970-12-31,11
f84e8ff2-b777-5e35-a14c-1a7e50855c36,1935-01-10,1970-12-31,9
ff31e42c-ce65-53e9-94c9-75a3487f1284,1935-01-10,1970-12-31,7
