person_id,start,end,title
i-35xJbKo6VkrJQSnGvrd9Vj,,,friherre
i-3G3HSvSLDH6Z2Spw8nAwav,,,friherre
i-4YBBuP4A6MDDtod8QvVH1Y,,,greve
i-4k9h6ZGAcW3ab2Qk7BzDtv,,,friherre
i-4mrg1QMgWqyV1QUWeh9cap,,,greve
i-4yKLYX6bdK5Z7rBVKCN1RT,,,greve
i-546BZUgJkUpc5jWGYVgVef,,,friherre
i-5h3aAuqLtZGpXMkJuSPa55,,,friherre
i-6ETHRvdQXy7JyB6UH2jtzU,,,greve
i-6gHwwyb1BUBjy6CYxgXY8W,,,friherre
i-6tymTvb9PiygbXCXFfdMi6,,,greve
i-7Fw1RygYCi1eQpwfmCLLNw,,,greve
i-8U8xY47C91CXVQWd4TYDYv,,,friherre
i-9NyAqYQHXK6ctRb6HgHd9R,,,greve
i-A1rXJfgfS6b5QQQgwn3Jm8,,,friherre
i-CKE7aDduHCi2h4vSdJ8r3f,,,greve
i-D6aqZFLHgoGLzA4xpqmeuW,,,greve
i-DHwvmoxGznvZxBSFYiMCWT,,,friherre
i-DdpGurNSK1gsC7JXZ7kFDP,,,friherre
i-DophkK4FaHGap4dgehWsag,,,greve
i-E2fxcEquh7ZcaAQQXdYz4F,,,greve
i-E62dRxYV1gQK174YmcQa9s,,,friherre
i-EQ7CXYU17b5CWo5cXgeZWy,,,friherre
i-Ej7GqB6XDsmEuEtqUYcCNG,,,friherre
i-EjEKL9dmFcrekuggyNiCSZ,,,greve
i-EyuGmrupfCbCjnEH6T6dVd,,,friherre
i-FRnebi6Me6RrLAQEkjSEQi,,,friherre
i-GH7iZ7NVaSqEDS8WQo1j8G,,,friherre
i-GaFe2NPmaDWiYp9rPVYfGL,,,greve
i-Gfg9k3ZcPGNY4ee6zKKXZz,,,greve
i-JYzZX81V1RNDQGWjU8PT6X,,,friherre
i-KF71L4Ta19mdHRVmCFfDpm,,,greve
i-KZYXbtWhBkb38SRbAoL2Mn,,,friherre
i-L1NSsf1GiTyxTmkwUCJpg8,,,greve
i-LwBmaH36qfDShuT4kU7P5Q,,,greve
i-M6HZSzErrkvRs1tuZi7K48,,,friherre
i-MkpKqs9yn98uRBF1pm57dP,,,greve
i-NW9amfhpK6mEn3WxKi9YQ9,,,friherre
i-Nx64JS4emGspRCgWhqbLGE,,,greve
i-QzXydyaoPnVMCpzAFujWei,,,greve
i-QUa4DaEpHiH6GESrfLsxWi,,,friherre
i-RQ7DisaShnLmZ3DuVbxYXg,,,friherre
i-RZyVuQdrz7mYQtKANdckcL,,,friherre
i-SFcDzAQUiJhV8iyT7ZES7X,,,greve
i-SfeBzc1yg5q127ADMVhPJu,,,greve
i-SfiURaPHeMX8krVz378cGg,,,friherre
i-UWbwyiTbcod71vBzVcEZ7c,,,greve
i-UorJwn2scwABTf47APC1S2,,,friherre
i-UysbHxCMeJV8ddBUKdgBwY,,,friherre
i-VJzAojg4oj9Du46UWXaaqZ,,,friherre
i-VRHbq9433F1APDMq9jUvBB,,,greve
i-WMeuxAewsQyBD46eUtkLFr,,,friherre
i-nScanqUU78nhbW9ef8XLW,,,friherre
