person_id,start,end,role
i-QW5W2LNiETVn7C6pxUPTUU,1867,1872,andra kammarens talman
i-2KQokBVhondPT8e9ZQdmem,1867,1872,andra kammarens vice talman
i-NykMZF95yM2zdf9NMBtont,1867,1876,första kammarens talman
i-wVG4QF5ZkrTTo5uHxD7ED,1867-01-18,1868-01-15,första kammarens vice talman
i-9SHnAjHpLBQfhwqrNpggaV,1868-01-16,1872,första kammarens vice talman
i-nScanqUU78nhbW9ef8XLW,1873,1874,andra kammarens vice talman
i-UorJwn2scwABTf47APC1S2,1873,1874,första kammarens vice talman
i-A6HKJELS9dEVb676FNQ5tp,1873,1875,andra kammarens talman
i-Qtn5xiAaEShY2RfbLLuCj8,1875,1880-04-21,andra kammarens vice talman
i-2ehtmACUZPNJMNnS5o3dYB,1875-01-16,1875-05-11,första kammarens vice talman
i-9SHnAjHpLBQfhwqrNpggaV,1875-05-14,1875,första kammarens vice talman
i-8pJuJ7cpFV75dB4vcHCzJA,1876,1877,första kammarens vice talman
i-6ETHRvdQXy7JyB6UH2jtzU,1876,1880-04-19,andra kammarens talman
i-6tymTvb9PiygbXCXFfdMi6,1877,1877,första kammarens talman
i-HWWVGZcUSaZGHGdRYcnTju,1878,1878,första kammarens vice talman
i-QW5W2LNiETVn7C6pxUPTUU,1878,1880,första kammarens talman
i-C2VM46vRGtzGexbCmpfNpg,1879,1891-03-07,första kammarens vice talman
i-TF2nMgsgs9UxhzkCePtBJo,1880-04-21,1884,andra kammarens vice talman
i-Qtn5xiAaEShY2RfbLLuCj8,1880-04-21,1890,andra kammarens talman
i-NykMZF95yM2zdf9NMBtont,1881,1891-03-07,första kammarens talman
i-37qgHWj8Zd858MSWDhN8Zo,1885,1887-05-03,andra kammarens vice talman
i-BqxiGcrvRSyw7vSVD9ghzT,1887-05-04,1888,andra kammarens vice talman
i-37qgHWj8Zd858MSWDhN8Zo,1889,1890,andra kammarens vice talman
i-XEaguj6e5odu6YoYQ7mu5L,1891,1894,andra kammarens vice talman
i-89Xt4xe7kMHGuKUnav6Lzb,1891-01-17,1891,andra kammarens talman
i-C2VM46vRGtzGexbCmpfNpg,1891-03-07,1895,första kammarens talman
i-QzXydyaoPnVMCpzAFujWei,1891-03-07,1895,första kammarens vice talman
i-Vzob1iVwoThSSCEU9iFJLb,1892,1893,andra kammarens talman
i-Ddmtm1uG9esPH37c8XjUXZ,1894,1902,andra kammarens talman
i-QfeDyZ27DQmH17bsjAZDYK,1895,1896,andra kammarens vice talman
i-EFGMikwqApUMCA86eB1wGu,1896,1899-02-01,första kammarens vice talman
i-QzXydyaoPnVMCpzAFujWei,1896,1908,första kammarens talman
i-XEaguj6e5odu6YoYQ7mu5L,1897,1897,andra kammarens vice talman
i-SnW9TwRwSRopKvaUfURXvo,1898,1902,andra kammarens vice talman
i-LkZi3hQne6xsLtDL597mit,1899-02-04,1905,första kammarens vice talman
i-ESAm1DKfv3KraeQ1CSiwmq,1903,1908,andra kammarens vice talman
i-SnW9TwRwSRopKvaUfURXvo,1903,1912,andra kammarens talman
i-UQb1WPSaU3ohorTovz3X3c,1905,,första kammarens vice talman
i-LkZi3hQne6xsLtDL597mit,1906,1908,första kammarens vice talman
i-Hr1HTFqifdBa5H1eAGcaEu,1909,1910,andra kammarens vice talman
i-LkZi3hQne6xsLtDL597mit,1909,1911,första kammarens talman
i-Vz1YonVqFQfxtRvxRGT5sB,1909,1912,första kammarens vice talman
i-7u6TSL3B2X57aHRQYkKAD8,1910,1912,andra kammarens vice talman
i-GogwNnaQ5DTJduArda1vUh,1912,1912,andra kammarens vice talman
i-71XWFF9hWuo3epEz1FeAhT,1912,1915,första kammarens talman
i-PfWLQcWc1zHmdsEJAzj7vd,1913,1915,första kammarens vice talman
i-KLVdWuEH3iyC7Ws5pZeVNK,1913,1917,andra kammarens vice talman
i-GogwNnaQ5DTJduArda1vUh,1913-01-15,1913-11-16,andra kammarens talman
i-DmdTkUnLmmD3GK3nb5iQQU,1914,1917,andra kammarens talman
i-2b1P9oc6jJ6GnNxViy4qgD,1916,1918,första kammarens vice talman
i-DPSKdaCf6QjiTxUvV2sFQN,1916,1928,första kammarens talman
i-G8JbJm9Qan4fa7Ax94MYT3,1918,1918,andra kammarens vice talman
i-KLVdWuEH3iyC7Ws5pZeVNK,1918,1918-03-08,andra kammarens talman
i-G8JbJm9Qan4fa7Ax94MYT3,1918,1921,andra kammarens talman
i-4kz1fC2gQwdiC7G6RzQ2SK,1918,1921,andra kammarens vice talman
i-BedoVVUtGhYy2ZeyUHdGDk,1919,1920,första kammarens vice talman
i-4kz1fC2gQwdiC7G6RzQ2SK,1921,1923,andra kammarens förste vice talman
i-NwhdVgupCWjkZSqQNMjJnp,1921,1928,andre vice talman i första kammaren
i-BedoVVUtGhYy2ZeyUHdGDk,1921,1928,förste vice talman i första kammaren
i-G5pAFA5w4nSfdSXYxcrmWR,1921,1931,andra kammarens andre vice talman
i-UbnnZ7kVjVhJrHrUCyEV9K,1922,1923,andra kammarens talman
i-4KJMAUW9zFRD1g1ShqsMqw,1923,1924,andra kammarens förste vice talman
i-G8JbJm9Qan4fa7Ax94MYT3,1924,1927,andra kammarens talman
i-4kz1fC2gQwdiC7G6RzQ2SK,1925,1931,andra kammarens förste vice talman
i-UbnnZ7kVjVhJrHrUCyEV9K,1927,1927,andra kammarens talman
i-4UEzXgg6g6fiqb4dQ2EDU3,1928,1932,andra kammarens talman
i-UKN14qkeNNkW3DNEKGfGbE,1928,1936,första kammarens talman
i-NwhdVgupCWjkZSqQNMjJnp,1929,1930,förste vice talman i första kammaren
i-FneeHdWC4kJvq3GyuxpvWq,1929,1939,andre vice talman i första kammaren
i-4B6aJinJu5TMisrcdsM8Um,1931,1932,andra kammarens andre vice talman
i-G5pAFA5w4nSfdSXYxcrmWR,1931,1932,andra kammarens förste vice talman
i-AwBs4Cp83TTbZr1ZyVyniN,1931,1939,förste vice talman i första kammaren
i-RqR2A6377nKn1urUCF35Tf,1933,1934,andra kammarens andre vice talman
i-4B6aJinJu5TMisrcdsM8Um,1933,1934,andra kammarens förste vice talman
i-6jHY7AkggFseY8T6gjqU21,1933,1952,andra kammarens talman
i-WLU6NbD2RqdzNAUFs2iT52,1935,1936,andra kammarens andre vice talman
i-RqR2A6377nKn1urUCF35Tf,1935,1936,andra kammarens förste vice talman
i-P9uAUSLTPeppBWCVZui5CW,1937,1940,andra kammarens andre vice talman
i-WLU6NbD2RqdzNAUFs2iT52,1937,1940,andra kammarens förste vice talman
i-XLVGDGtQ7NCyXWncMFEL2t,1937,1955,första kammarens talman
i-NwFsYdDsyNBsSsUhXsXfnr,1939,1950,andre vice talman i första kammaren
i-FneeHdWC4kJvq3GyuxpvWq,1939,1951,förste vice talman i första kammaren
i-6kTFcz7sgLRx7MntyHuEFu,1940,1943,andra kammarens andre vice talman
i-P9uAUSLTPeppBWCVZui5CW,1940,1948,andra kammarens förste vice talman
i-Y3KDvt8APMXFLxTKEtZKku,1943,1948,andra kammarens andre vice talman
i-TgGh4sLEipttrpG4XAgn6h,1949,1949,andra kammarens andre vice talman
i-Y3KDvt8APMXFLxTKEtZKku,1949,1949,andra kammarens förste vice talman
i-3NpPy7cWbyt37LTiEpxrRp,1949,1956,andra kammarens andre vice talman
i-TgGh4sLEipttrpG4XAgn6h,1949,1960,andra kammarens förste vice talman
i-DZnFKHRVhVQYnGq7dU8UeP,1950,1951,andre vice talman i första kammaren
i-HCwEBLHjvaPyUHpWDFDcMz,1952,1952,andre vice talman i första kammaren
i-DZnFKHRVhVQYnGq7dU8UeP,1952,1970,förste vice talman i första kammaren
i-YSiiSuJqBLt4dhLxm7iu93,1953,1957,andra kammarens talman
i-BytdFfh3YuhnvkuEUjKtkY,1953,1958,andre vice talman i första kammaren
i-788eSKUK6YVsRmMEe7jYKP,1956,1959,första kammarens talman
i-2HyRdnwNjJfPPeCiQ2cg17,1957,1960,andra kammarens andre vice talman
i-6FjnsQPceYq6Zp8NqA3t6r,1958-06-18,1960-07-17,andra kammarens talman
i-JQkujvaf3hdU7wTkTVzkDk,1959,1964,första kammarens talman
i-4YQFYCZptEWZxiREjfJbJ6,1959,1970,andre vice talman i första kammaren
i-WHaJ9obdPrHNEpxUmttRAB,1960,1968,andra kammarens talman
i-Bwox3EjKfvDRkzWdd46vzA,1961,1964,andra kammarens andre vice talman
i-2HyRdnwNjJfPPeCiQ2cg17,1961,1964,andra kammarens förste vice talman
i-3R5C8vQo1FXLQaqX7yYqq8,1965,1970,andra kammarens andre vice talman
i-W7utyZVptwNBqUURdBKkmv,1965,1970,andra kammarens förste vice talman
i-9jz5ycDdUNuEbuww4Ui1YW,1965,1970,första kammarens talman
i-Kv4hUGrgspgE3ZEpZrgHtZ,1969,1970,andra kammarens talman
i-Kv4hUGrgspgE3ZEpZrgHtZ,1971-01-11,1979-10-01,Sveriges riksdags talman
i-PiA69Zron44x5fF1pHdUBo,1979-10-01,1988-10-03,Sveriges riksdags talman
i-8rjVavTFp7UjLy1RbrHnia,1988-10-03,1991-09-30,Sveriges riksdags talman
i-BkQoi6KA1EKK9EEJhT16Cz,1991-09-30,1994-10-03,Sveriges riksdags talman
i-YUKjmPPD3LmjeCPdQWkuEh,1994-10-03,2002-09-30,Sveriges riksdags talman
i-6Yv6bDMEdGpsmCZBFnnZk4,2002-09-30,2006-10-02,Sveriges riksdags talman
i-D74cdq6EQpWG5dWigfnSSw,2006-10-02,2014-09-29,Sveriges riksdags talman
i-9KG7jeGdkJDsSQQb3gKA2U,2014-09-29,2018-09-24,Sveriges riksdags talman
i-BZ7PcK8D1efvHXsafGEMKE,2018-09-24,,Sveriges riksdags talman
i-XxxhK5cXr2wqWtUSsWnphS,1971-01-11,1979-10-01,Sveriges riksdags förste vice talman
i-BkQoi6KA1EKK9EEJhT16Cz,1979-10-01,1991-09-30,Sveriges riksdags förste vice talman
i-CEfqbpA8oaZDiGioappJrM,1991-09-30,1994-10-03,Sveriges riksdags förste vice talman
i-GvBe798bQfFYpnaboy7YCF,1994-10-03,2003-01-01,Sveriges riksdags förste vice talman
i-D74cdq6EQpWG5dWigfnSSw,2003-01-01,2006-10-02,Sveriges riksdags förste vice talman
i-UukxhVrpswE5ADBkFe7Q3V,2006-10-02,2010-10-04,Sveriges riksdags förste vice talman
i-4QSskNRajbqRG3PtACimqv,2010-10-04,2014-09-29,Sveriges riksdags förste vice talman
i-KPGvtK4s6Zp3E6XH6vj18n,2014-09-29,2017-10-11,Sveriges riksdags förste vice talman
i-Ev13DrJjHbo85jEmQ5EPLM,2017-10-11,2018-09-24,Sveriges riksdags förste vice talman
i-RJ83sTtQ8c3R3VD4B55j8P,2018-09-24,2022-09-26,Sveriges riksdags förste vice talman
i-Bmi9XXt8ni373cdiv3K6qx,2022-09-26,,Sveriges riksdags förste vice talman
i-QXiGidLhFr3yVPmDxRSa4h,1971-01-11,1974-01-10,Sveriges riksdags andre vice talman
i-QW3U8q9gqCreU8hvXKjp44,1974-01-10,1976-10-04,Sveriges riksdags andre vice talman
i-FoZGPWdjE7CaiMyuRthV17,1976-10-04,1979-10-01,Sveriges riksdags andre vice talman
i-Ki8BXCebma4Cx5CBFDs2LW,1979-10-01,1982-10-04,Sveriges riksdags andre vice talman
i-3R2qbKpVQbNv7BvXe7jvcr,1982-10-04,1985-09-30,Sveriges riksdags andre vice talman
i-9pZ6GzfD2R22bxSydJmuYz,1985-09-30,1988-04-06,Sveriges riksdags andre vice talman
i-TUvkLNfgGDFH5c5z5RL7Kw,1988-04-06,1994-10-03,Sveriges riksdags andre vice talman
i-TX8UjKrUpUeZgE2dqKJCFc,1994-10-03,1998-10-05,Sveriges riksdags andre vice talman
i-Kytbd3WZfQeKTPffXjTEpk,1998-10-05,2002-09-30,Sveriges riksdags andre vice talman
i-PTF5wvZAe6S7xqLKP2h8kQ,2002-09-30,2006-10-02,Sveriges riksdags andre vice talman
i-KktUCXax2JFL3tqFqQN9oq,2006-10-02,2010-10-04,Sveriges riksdags andre vice talman
i-9x2nw6aosA3pyEJfJTc1eD,2010-10-04,2014-09-29,Sveriges riksdags andre vice talman
i-TKwDinNn4twnLieK52EXRu,2014-09-29,2018-09-24,Sveriges riksdags andre vice talman
i-7EGhEVdWhirq9oiHvVcrQR,2018-09-24,2022-09-26,Sveriges riksdags andre vice talman
i-VFaAexqzCaq9JmKCfc1WJ9,2022-09-26,,Sveriges riksdags andre vice talman
i-QW3U8q9gqCreU8hvXKjp44,1971-01-11,1974-01-10,Sveriges riksdags tredje vice talman
i-QXiGidLhFr3yVPmDxRSa4h,1974-01-10,1976-10-04,Sveriges riksdags tredje vice talman
i-9pZ6GzfD2R22bxSydJmuYz,1976-10-04,1985-09-30,Sveriges riksdags tredje vice talman
i-3R2qbKpVQbNv7BvXe7jvcr,1985-09-30,1986-04-03,Sveriges riksdags tredje vice talman
i-K5xv4oCErCZbkmjE6NDTKr,1986-04-03,1994-10-03,Sveriges riksdags tredje vice talman
i-TUvkLNfgGDFH5c5z5RL7Kw,1994-10-03,1998-10-05,Sveriges riksdags tredje vice talman
i-Hnc99qM2wSocQrZmyQoJhz,1998-10-05,2002-09-30,Sveriges riksdags tredje vice talman
i-NbYfhm8ZWHtRw5CgJqJe42,2002-09-30,2006-10-02,Sveriges riksdags tredje vice talman
i-BijAhigzcR1MHdRoo4YtH5,2006-10-02,2012-10-01,Sveriges riksdags tredje vice talman
i-Nywj47pd422wBAiv8K2vPV,2012-10-01,2014-09-29,Sveriges riksdags tredje vice talman
i-SNtv8jZRB19Jr8oegj1mGK,2014-09-29,2018-09-24,Sveriges riksdags tredje vice talman
i-H7qdW9GRQn7LaQ2UGGAvYC,2018-09-24,,Sveriges riksdags tredje vice talman
